{"assets/icon/add.webp":["assets/icon/add.webp"],"assets/icon/album.webp":["assets/icon/album.webp"],"assets/icon/all.webp":["assets/icon/all.webp"],"assets/icon/back.webp":["assets/icon/back.webp"],"assets/icon/backup.webp":["assets/icon/backup.webp"],"assets/icon/camera.webp":["assets/icon/camera.webp"],"assets/icon/cdkey.webp":["assets/icon/cdkey.webp"],"assets/icon/close.webp":["assets/icon/close.webp"],"assets/icon/copy.webp":["assets/icon/copy.webp"],"assets/icon/delete.webp":["assets/icon/delete.webp"],"assets/icon/dissolve.webp":["assets/icon/dissolve.webp"],"assets/icon/exit.webp":["assets/icon/exit.webp"],"assets/icon/expand.webp":["assets/icon/expand.webp"],"assets/icon/fold.webp":["assets/icon/fold.webp"],"assets/icon/folder.webp":["assets/icon/folder.webp"],"assets/icon/forward.webp":["assets/icon/forward.webp"],"assets/icon/group.webp":["assets/icon/group.webp"],"assets/icon/help.webp":["assets/icon/help.webp"],"assets/icon/layout_minus.webp":["assets/icon/layout_minus.webp"],"assets/icon/layout_plus.webp":["assets/icon/layout_plus.webp"],"assets/icon/minimize.webp":["assets/icon/minimize.webp"],"assets/icon/move.webp":["assets/icon/move.webp"],"assets/icon/paper_tool.webp":["assets/icon/paper_tool.webp"],"assets/icon/redo.webp":["assets/icon/redo.webp"],"assets/icon/refresh.webp":["assets/icon/refresh.webp"],"assets/icon/repair.webp":["assets/icon/repair.webp"],"assets/icon/restore.webp":["assets/icon/restore.webp"],"assets/icon/return.webp":["assets/icon/return.webp"],"assets/icon/reverse.webp":["assets/icon/reverse.webp"],"assets/icon/select.webp":["assets/icon/select.webp"],"assets/icon/setting.webp":["assets/icon/setting.webp"],"assets/icon/shear.webp":["assets/icon/shear.webp"],"assets/icon/time_forward.webp":["assets/icon/time_forward.webp"],"assets/icon/time_reverse.webp":["assets/icon/time_reverse.webp"],"assets/icon/top.webp":["assets/icon/top.webp"],"assets/icon/undo.webp":["assets/icon/undo.webp"],"assets/icon/video.webp":["assets/icon/video.webp"],"assets/logo/InfinityNikki.png":["assets/logo/InfinityNikki.png"],"assets/logo/SpinningMomo.png":["assets/logo/SpinningMomo.png"],"assets/logo/album.png":["assets/logo/album.png"],"assets/logo/bilibili.png":["assets/logo/bilibili.png"],"assets/logo/camera.png":["assets/logo/camera.png"],"assets/logo/cdkey.png":["assets/logo/cdkey.png"],"assets/logo/defaultLogo.webp":["assets/logo/defaultLogo.webp"],"assets/logo/engineSetting.png":["assets/logo/engineSetting.png"],"assets/logo/nikki_albums.webp":["assets/logo/nikki_albums.webp"],"assets/logo/paper.png":["assets/logo/paper.png"],"assets/logo/paper_tool.png":["assets/logo/paper_tool.png"],"assets/logo/steam.png":["assets/logo/steam.png"],"assets/logo/taptap.png":["assets/logo/taptap.png"],"assets/logo/video.png":["assets/logo/video.png"],"assets/logo/wiki.png":["assets/logo/wiki.png"],"packages/cupertino_icons/assets/CupertinoIcons.ttf":["packages/cupertino_icons/assets/CupertinoIcons.ttf"],"packages/flutter_inappwebview/assets/t_rex_runner/t-rex.css":["packages/flutter_inappwebview/assets/t_rex_runner/t-rex.css"],"packages/flutter_inappwebview/assets/t_rex_runner/t-rex.html":["packages/flutter_inappwebview/assets/t_rex_runner/t-rex.html"],"packages/flutter_inappwebview_web/assets/web/web_support.js":["packages/flutter_inappwebview_web/assets/web/web_support.js"]}